Avery,Turner,32,236-584-9467,749,Laveur,42000,19
Nathan,Young,42,647-893-0148,144,Directeur des ventes,65450,13
Caleb,Williams,25,905-671-1936,311,Secrétaire,40000,20
Oliver,Clark,41,604-331-0192,256,Loueur,68400,23
Mia,Johnson,58,403-908-6076,608,Mécanicien,72500,6
Charlotte,Brown,27,902-206-3879,345,Vendeur,78000,24
Sophie,Ross,51,514-703-2232,276,Laveur,50000,18
Adam,Nguyen,29,438-773-7893,462,Directeur Marketing,75000,16
William,Lee,56,780-982-3152,510,Loueur,72000,24
Lucas,Robinson,36,905-857-1164,471,Vendeur,44000,21
Liam,Kim,30,250-320-6341,828,Secrétaire,29000,9
Ethan,Miller,33,514-573-8451,147,Directeur des ventes,65000,14
Abigail,Chen,20,587-826-6785,338,Loueur,58000,10
Aiden,Taylor,48,902-493-5286,453,Mécanicien,45000,22
Emily,Lewis,40,604-824-0267,317,Directeur Marketing,53000,10
Madison,Walker,44,905-227-2156,463,Vendeur,41000,12
Ella,Green,38,819-508-4246,717,Laveur,35000,22
Isabella,Hall,47,514-877-6713,548,Secrétaire,66000,15
Sofia,Adams,31,604-996-2382,418,Loueur,51000,6
Jackson,Campbell,22,902-609-5069,394,Directeur des ventes,50000,17
Benjamin,Evans,28,613-254-6378,876,Mécanicien,32000,22
Mason,Khan,58,647-423-9503,530,Directeur Marketing,75000,21
Logan,Carter,34,780-697-2931,515,Vendeur,56000,15
Hannah,Murphy,43,403-781-8953,212,Laveur,34000,11
Grace,Watson,60,416-769-6135,422,Secrétaire,62000,8
Victoria,Hill,46,450-729-8375,224,Loueur,69000,22
Lily,Brooks,21,604-655-9301,767,Mécanicien,34000,13
Avery,Kelly,36,902-584-1628,254,Directeur des ventes,76000,16
Zoe,Sanders,57,613-684-9812,187,Directeur Marketing,52000,11
Samantha,Price,54,416-291-4086,830,Vendeur,50000,8
Abigail,Hernandez,25,604-555-0179,481,Loueur,63500,8
Adam,Wright,36,250-555-6382,749,Mécanicien,37700,17
Adrian,Gomez,43,613-555-0554,603,Laveur,43100,3
Aiden,Evans,22,780-555-3258,296,Directeur Marketing,77700,22
Alexandra,Hill,28,604-555-8912,131,Vendeur,39800,12
Alice,Ramirez,30,416-555-8305,423,Directeur des ventes,51600,15
Alicia,Nguyen,50,905-555-3218,278,Concierge,66500,5
Amanda,Reed,41,780-555-4263,311,Directeur Marketing,79500,1
Amelia,Kim,27,604-555-2754,672,Directeur des ventes,54100,11
Andrew,Campbell,39,416-555-6019,186,Directeur des ventes,57300,14
Angelina,Edwards,24,514-555-3934,301,Mécanicien,37200,25
Anna,Watson,43,905-555-8847,261,Directeur Marketing,54600,9
Anthony,Baker,56,416-555-6152,362,Vendeur,67100,7
Arianna,Turner,29,604-555-4347,778,Loueur,65700,5
Ashley,Lee,26,250-555-9773,786,Mécanicien,28400,24
Aubrey,Perez,37,780-555-8384,768,Directeur Marketing,41600,23
Audrey,Carter,49,905-555-7339,812,Directeur des ventes,50800,6
Ava,Mitchell,34,604-555-7219,268,Vendeur,54300,13
Benjamin,Roberts,57,613-555-9715,532,Directeur des ventes,78500,9
Brandon,Collins,42,416-555-9982,497,Mécanicien,57300,10
Brianna,Brown,20,780-555-5042,828,Vendeur,55500,25
Caleb,Kelly,33,514-555-9473,312,Mécanicien,38700,17
Camila,Gonzalez,32,604-555-1576,634,Directeur Marketing,47800,19
Caroline,Green,40,250-555-9798,423,Directeur des ventes,71100,4
Catherine,Adams,59,416-555-7028,350,Laveur,62500,9
Chloe,Cook,19,780-555-1072,453,Laveur,26300,12
Christopher,Hughes,46,905-555-5251,936,Directeur des ventes,79700,21
Claire,Ross,24,604-555-3327,832,Vendeur,66200,2
Colton,Flores,31,613-555-4461,654,Mécanicien,61600,16
Maggie,Barry,43,416-123-4567,825,Vendeur,52482,16
Dianne,Smith,21,647-987-6543,197,Concierge,30559,7
Norman,Mitchell,29,905-345-6789,568,Mécanicien,55638,11
Lucas,Nguyen,27,613-456-7890,774,Directeur des ventes,69360,22
Eleanor,Williams,37,519-765-4321,467,Loueur,43278,23
Wendy,Adams,34,905-321-4567,255,Vendeur,47395,19
Gabriel,Coleman,48,647-111-2222,483,Directeur Marketing,59134,5
Esther,Baker,55,613-333-4444,577,Secrétaire,73151,24
Colin,Martin,32,416-555-6666,903,Laveur,61680,2
Gregory,Young,23,905-777-8888,342,Mécanicien,52125,12
Dale,Turner,36,647-999-0000,709,Vendeur,70329,3
Jeremiah,Rodriguez,46,519-111-2222,118,Mécanicien,43158,19
Pamela,Lee,44,416-333-4444,556,Directeur Marketing,49608,10
Christina,Johnson,16,905-555-6666,359,Concierge,40017,25
Savannah,Evans,25,613-777-8888,178,Laveur,46054,11
Melissa,Nguyen,34,647-999-0000,636,Vendeur,44005,1
Claire,Scott,38,519-111-2222,430,Directeur des ventes,56797,5
Avery,Rodriguez,49,905-333-4444,639,Loueur,55296,6
Ella,Walker,62,416-555-6666,755,Mécanicien,71986,25
Jeanette,Ramirez,54,647-777-8888,136,Concierge,45451,10
Derek,Turner,22,613-999-0000,418,Vendeur,47606,16
Sophia,Garcia,30,519-111-2222,794,Loueur,40256,7
Liam,Gonzalez,31,905-333-4444,942,Directeur Marketing,72968,18
Virginia,Murphy,59,416-555-6666,473,Secrétaire,65404,25
Jasmine,Rivera,41,647-777-8888,184,Directeur des ventes,38822,14
Amanda,Mitchell,32,613-999-0000,162,Laveur,29838,21
Trevor,Reed,20,519-111-2222,921,Vendeur,73259,18
Catherine,Morris,39,905-333-4444,497,Loueur,38495,23
Oscar,Baker,26,416-555-6666,400,Mécanicien,60203,6
Lina,Delgado,27,647-563-8721,615,Mécanicien,39414,5
Fernando,Singh,56,819-423-1675,307,Vendeur,30960,12
Bridgette,Brewer,19,604-561-2278,744,Concierge,28030,4
Nikita,Stevenson,62,418-695-9869,773,Directeur des ventes,68673,10
Demetria,Davis,31,705-482-5019,461,Directeur Marketing,79000,24
Leopoldo,Grant,64,450-857-9475,187,Loueur,76138,9
Mindy,Clark,35,289-397-4251,345,Vendeur,60080,16
Elena,Curtis,22,418-942-4978,877,Laveur,53709,25
Myra,Figueroa,29,416-312-9089,601,Mécanicien,51249,13
Alina,Carr,61,250-675-7890,824,Directeur des ventes,79076,3
Tommie,Soto,16,902-621-6388,817,Laveur,60523,9
Zachery,Maldonado,26,819-818-8290,707,Mécanicien,38412,15
Jenna,Bray,64,506-874-3603,777,Loueur,30545,21
Nona,Kim,23,416-451-9211,924,Vendeur,28413,4
Kathrine,Strickland,61,604-973-7174,168,Concierge,47512,19
Haley,Henry,50,905-919-5632,630,Laveur,58946,20
Carmella,Guerra,62,613-756-1558,279,Directeur des ventes,71424,23
Antonette,Gibson,38,819-489-1820,400,Directeur Marketing,31339,22
Adeline,Holt,54,450-878-3761,128,Loueur,49185,16
Ashleigh,Mendez,16,647-345-9213,659,Mécanicien,32244,17
Erickson,Horne,52,705-361-1551,443,Vendeur,52500,10
Lavonne,Miles,17,289-291-4704,622,Concierge,32660,2
Jodie,Pugh,19,450-288-4786,297,Mécanicien,51139,24
Jenni,Lamb,53,905-896-8652,472,Laveur,38858,16
Malinda,Floyd,50,613-542-5842,794,Directeur des ventes,52362,9
Tanesha,Gilmore,52,705-417-8085,402,Loueur,53409,25
Kirk,Palmer,44,647-815-3085,888,Vendeur,59033,5
Giselle,Morrison,42,902-981-9265,416,Concierge,72038,5